<?xml version="1.0" encoding="UTF-8"?>
<project-private xmlns="http://www.netbeans.org/ns/project-private/1">
    <editor-bookmarks xmlns="http://www.netbeans.org/ns/editor-bookmarks/2" lastBookmarkId="0"/>
    <open-files xmlns="http://www.netbeans.org/ns/projectui-open-files/2">
        <group>
            <file>file:/C:/Users/Hp%20VICTUS/Documents/NetBeansProjects/Personal-Profile-Web-App-main/Personal-Profile-Web-App-main/ProfileWeb/web/css/style.css</file>
            <file>file:/C:/Users/Hp%20VICTUS/Documents/NetBeansProjects/Personal-Profile-Web-App-main/Personal-Profile-Web-App-main/ProfileWeb/src/java/servlets/ProfileServlet.java</file>
            <file>file:/C:/Users/Hp%20VICTUS/Documents/NetBeansProjects/Personal-Profile-Web-App-main/Personal-Profile-Web-App-main/ProfileWeb/web/profile.jsp</file>
            <file>file:/C:/Users/Hp%20VICTUS/Documents/NetBeansProjects/Personal-Profile-Web-App-main/Personal-Profile-Web-App-main/ProfileWeb/src/java/beans/ProfileBean.java</file>
            <file>file:/C:/Users/Hp%20VICTUS/Documents/NetBeansProjects/Personal-Profile-Web-App-main/Personal-Profile-Web-App-main/ProfileWeb/web/index.html</file>
            <file>file:/C:/Users/Hp%20VICTUS/Documents/NetBeansProjects/Personal-Profile-Web-App-main/Personal-Profile-Web-App-main/ProfileWeb/src/java/utils/DatabaseConnection.java</file>
            <file>file:/C:/Users/Hp%20VICTUS/Documents/NetBeansProjects/Personal-Profile-Web-App-main/Personal-Profile-Web-App-main/ProfileWeb/web/viewProfile.jsp</file>
            <file>file:/C:/Users/Hp%20VICTUS/Documents/NetBeansProjects/Personal-Profile-Web-App-main/Personal-Profile-Web-App-main/ProfileWeb/src/java/dao/ProfileDAO.java</file>
        </group>
    </open-files>
</project-private>
